Tipo de Operação,Preço de Compra,High do periodo,Lucro,Valor Previsto
Compra (0),14.93,15.19,0.0,15.248472774324657
Stop Gain (0),14.93,15.13,0.1659880465814112,15.248472774324657
Compra (0),15.39,15.88,0.0,15.91000507023851
Stop Gain (0),15.39,15.79,0.3609050195361245,15.91000507023851
Compra (0),15.5,15.7,0.0,15.726823525007811
Stop Gain (0),15.5,15.59,0.06955528975773362,15.726823525007811
