Tipo de Operação,Preço de Compra,Saldo,Ativo em Carteira,Lucro,Valor Previsto,Valor Real,Diferença
Compra (2),26876.35,0.0,0.037207433301024884,,,,
Venda (3),,1001.6241044635899,,1.6241044635899016,[26844.01459002],26920.0,[-75.98540998]
Compra (4),26930.01,0.0,0.03719360313878792,,,,
Venda (no final do período 0),,1001.6914248852712,,1.6914248852712035,[26974.50902114],26931.82,[42.68902114]
Compra (4),26973.39,0.0,0.0371362822724645,,,,
Venda (no final do período 0),,1002.4616313796022,,2.4616313796021814,[27042.96791152],26994.13,[48.83791152]
