Tipo de Operação,Preço de Compra,High do periodo,Lucro,Valor Previsto
Compra (0),27252.99,27539.0,0.0,27554.64909160443
Stop Gain (0),27252.99,27560.0,26.11260068838601,27554.64909160443
Compra (0),28246.43,30000.0,0.0,29923.389112911573
Stop Gain (0),28246.43,29841.26,1377.725221782457,29923.389112911573
Compra (0),29999.71,30207.55,0.0,30304.410912387804
Stop Gain (0),29999.71,30038.3,1.6568032639261219,30304.410912387804
Compra (0),30327.84,30637.77,0.0,30665.393514601517
Stop Gain (0),30327.84,30359.73,30.899579455501225,30665.393514601517
